Item-ID	Dataset Name and Abbreviation	Data Producer / Responsible Organization	Primary Publication / Citation	Link to Publication/Technical Report	Repository Link (GEE)	Repository Link (Other)	Mapped Classes / Class Definitions	Forest/Tree Cover Definition (Thresholds: Height; Minimum area; Canopy cover)	EUDR forest definition conform?	Extent (Global / Regional / National)	Spatial Resolution (m)	Start Year	End Year	Temporal Resolution	Sensor/Primary Data Source	Input Metric/Indices/Features	Classification Method(s) (Specific)/Classifier	Classification (Category) - Supervised ML, Deep Learning, Rule-based/Threshold-based, Expert-driven, Unsupervised, Hybrid, Visual interpretation	Number of Training Samples	Validation Approach	Reference Dataset for Validation (Data Name and Period)	Number of Testing and/or Validation Samples	Overall Thematic  Accuracy (OA)	Producer's and User's Accuracy (target class)	Other Accuracy Metric(s)	Additional Accuracy Information	Reported limitations
FNF01	JRC GFC 2020 v2 and v3 - Global Forest Cover map for year 2020	JRC (Joint Research Centre)	Bourgoin et al., 2024 (v2 dataset); Bourgoin et al., 2025 (v3 dataset)	v3 --> https://op.europa.eu/fr/publication-detail/-/publication/70cd35b9-4da7-11f1-8095-01aa75ed71a1/language-en	V2 -> https://developers.google.com/earth-engine/datasets/catalog/JRC_GFC2020_V2 V3- > https://developers.google.com/earth-engine/datasets/catalog/JRC_GFC2020_V3?hl=de	V2 -> https://data.jrc.ec.europa.eu/dataset/e554d6fb-6340-45d5-9309-332337e5bc26 V3- > https://data.jrc.ec.europa.eu/dataset/8c561543-31df-4e1b-9994-e529afecaf54#dataaccess	Forest, Non-forest	The definition of forest in the map aligns with the forest definition by the Food and Agriculture Organization (⩾ 5m, ⩾ 0.5ha,  ⩾ 10%). Some areas of non-forest tree-based systems are included in the forest class.	Yes	Global	10	2020	2020	annual	Publicly available global datasets on land cover, land use, and tree characteristics, mostly from remote sensing (~10–30 m) combined with stratification layers on ecological zones from FAO and global forest loss drivers from the University of Maryland (UMD) to produce a refined dataset near 2020. In total 18 datasets were used		Composite Map/Map-based synthesis/Ensemble	Rule-based, Expert-driven		Final accuracy was assessed using a randomly stratified sampling.	The data was collected via crowdsourcing by IIASA (GeoWiki interface)	Version 2-> 20,379; Version 3-> 21,612	Version 2 -> 91.5% (preliminary) ; Version 3-> 92.8%	[Target class = Forest Class/Tree cover] Version 2: Producer's Accuracy (Omission error) - 8.2%; User's Accuracy (Commission error) - 18% . Version 3: Producer's Accuracy (Omission error) - 10.6%; User's Accuracy (Commission error) - 13.1%	Risk probability, Accuracy per region (Africa, North and Central America, South America, Asia, Europe, Oceania, Russia federation	Version 2 -> Probability of overestimating of forest area (18%); Probability of underestimation of forest area (8.2%).  Global estimates do not reflect regional or local accuracy, which declines in dry, open forests and areas with fragmented forest–non-forest mosaics;                                                       Version 3 -> Overall, V3 improves classification accuracy compared to V2 across most land-use categories, with particularly strong gains for tree-related classes. Accuracy increases are most notable for agricultural trees, trees outside forests, and urban trees, while previously problematic categories such as trees inside forests and other wooded land also show clear improvements, although they remain more uncertain due to difficulties in visual interpretation and boundary detection.	"•	Commission errors: Non-forest areas, especially scrub and other wooded land, are sometimes misclassified as forest. •	Regional accuracy limitations: Reduced accuracy in open and dry forest regions (e.g., eastern Brazil, central Australia). •	Underestimation risk: Sparse or dry forests may be omitted due to tree-height thresholds. •	Environmental and technical effects: Cloud cover, terrain shadowing, and occasional geolocation misalignment affect accuracy, particularly in tropical regions. •	Unstocked forest areas: Approximately 0.6% (~25 Mha) of areas classified as forest are temporarily unstocked due to management activities or natural disturbances (e.g., fire). •	Spatial artefacts: Blocky patterns are present due to the resolution of input layers."
FNF02	GFT 2020 (v1) -  Global Forest Types for year 2020	JRC	Bourgoin et al., 2026	v1 --> https://op.europa.eu/fr/publication-detail/-/publication/70cd35b9-4da7-11f1-8095-01aa75ed71a1/language-en	https://developers.google.com/earth-engine/datasets/catalog/JRC_GFC2020_subtypes_V1	https://forobs.jrc.ec.europa.eu/GFT	Naturally Regenerating Forest; Primary forest; Planted/Plantation Forest	The definition of forest in the map aligns with the forest definition by the Food and Agriculture Organization (⩾ 5m, ⩾ 0.5ha,  ⩾ 10%). Some areas of non-forest tree-based systems are included in the 3 forest classes.	Yes	Global	10	2020	2020	annual	Available global datasets that works as proxies or the four main forest types (primary forest, naturally regenerating forest, planted forest, plantation forest). The base forest layer is the JRC GFC 2020 v3		Composite Map/Map-based synthesis/Ensemble	Rule-based, Expert-driven		NR - This is a derived product built on GFC2020, dedicated technical report including full accuracy assessment is not yet available (09.06.2026)	NR	NR	NR	NR	NR	NR	"•  Planted and plantation forests -	Widespread underestimation of planted and plantation forests, reported in parts of Brazil, Indonesia, and several other regions. -	Local overestimation of plantations where primary forest is underestimated. •  Primary and naturally regenerating forests -	Underestimation of primary forest in multiple tropical regions. -	Misclassification between primary and naturally regenerating forests, producing inconsistent or mixed patterns. •  Spatial artifacts -	Presence of blocky patterns affecting plantation and forest classes across several regions. -	Geometric and processing artifacts linked to input layers, reducing local map consistency. •  Regional variability -	Data quality and class reliability vary by region, with some areas more affected by systematic biases and artifacts than others."
FNF03	ESA WC - World Cover for year 2020 (v100) and year 2021 (v200)	European Space Agency (ESA)	Zanaga et al. 2021 (v100); Zanaga et al. 2022 (v200)	https://esa-worldcover.s3.eu-central-1.amazonaws.com/v200/2021/docs/WorldCover_PUM_V2.0.pdf	Year 2020 (v100) --> https://developers.google.com/earth-engine/datasets/catalog/ESA_WorldCover_v100?hl=de         Year 2021 (v200) --> https://developers.google.com/earth-engine/datasets/catalog/ESA_WorldCover_v200	https://esa-worldcover.org/en	Tree cover, Shrubland, Grassland, Cropland, Built-up, Bare / sparse vegetation, Snow and Ice, Permanent water bodies, Herbaceous Wetland, Mangrove and Moss and lichen	(⩾ 5m, ⩾ NR,  ⩾ 10%). Plantation and areas with planted trees for afforestation are included in the forest class.	No/Unclear	Global	10	2020	2021	annual	Sentinel-2 (S2) - surface reflectance and Sentinel-1 (S1)-  VV and VH backscatter	The dataset includes descriptive statistics derived from surface reflectance bands and vegetation index time series, such as the 10th, 50th, and 90th percentiles and the interquartile range. Additional inputs include topographic variables (altitude and slope), spatial location features, and meteorological data. In total, 115 features are used: 64 from Sentinel-2, 12 from Sentinel-1, 2 from digital elevation models, 23 positional features, and 14 meteorological features.	Gradient boosting decision tree algorithm (CatBoost) (Prokhorenkova et al., 2018)	Supervised Classical Machine Learning (ML)	For each training location, features were extracted, from which training points were randomly sampled at 10% per class, with a maximum of 30 points per class per location. V100 used 259,734 training locations with 131 features, and V200 used 319,415 training locations with 115 features	The WorldCover products were validated using the CGLS-LC dataset following CEOS WGCV LPV guidelines. Validation employed stratified random sampling, with 100×100 m primary sampling units divided into 10×10 secondary units. Sites with high likelihood of land cover change were revisited using very high-resolution imagery (Google, Bing, ESRI) and Sentinel-2 to ensure accurate visual interpretation.	CGLS-LC validation dataset (Copernicus Global Land Service – Land Cover product) Reference years: 2019, 2020, 2021	Validation: Primary sample units (PSU): 21,624; Secondary sample units (SSU): 2,162,366; Updates for recent years included revisiting 2,860 points for 2020 and 4,410 points for 2021, with ~2,200 random sites and ~2,210 targeted high-change sites	76.7 ± 0.5%	[Target class = Forest Class/Tree cover] Producer's Accuracy (Omission error) - 88.6%; User's Accuracy  (Commision error) - 90.7%	NR	All continents show overall accuracy above 72%. Higher accuracies observed for tree cover, snow/ice, cropland, water bodies, and bare/sparse vegetation; moderate for grassland and built-up; lower for shrubs, wetlands, and moss/lichen. Lower continental accuracies (e.g., Oceania, parts of Eurasia) attributed to class confusions such as shrubland vs. grassland and trees vs. grassland.	"•	Cloud artifacts: appear in regions with persistent or high cloud cover. •	Hard borders: visible in areas with high class confusion, often along Sentinel-2 orbit or block boundaries due to differing observation densities. •	Water misclassification: occurs on glaciers, ice sheets, and mountain shadows. •	Spectral confusion: irrigated agriculture and herbaceous wetlands can be misclassified because of high spectral similarity."
FNF04	ESRI-10m  - ESRI Global Land Use Land Cover from Sentinel-2	Impact Observatory (IO), in cooperation with ESRI and Microsoft AI for Earth	Karra et al. 2021	https://ieeexplore.ieee.org/document/9553499	https://gee-community-catalog.org/projects/S2TSLULC/	https://www.arcgis.com/home/item.html?id=d6642f8a4f6d4685a24ae2dc0c73d4ac	Water, trees, flooded vegetation, crops, built area, bare ground, snow/ice, clouds, rangeland	(⩾ 4.57m, ⩾ NR,  ⩾ NR).  Other wooded land/savannas, plantations, swamps or mangroves may be included in the forest class.	No/Unclear	Global	10	2017	2023	annual	Sentinel-2 L2A surface reflectance data at 10m resolution	NR	Deep learning model (convolutional neural network for image segmentation)	Deep Learning	20,000+ sites across all major biomes; >5 billion human-labeled pixels; 24,000 hand-labeled 5×5 km image chips into 10 classes	15% of training data set aside at the end of each epoch; supplemented with expert-labeled gold standard tiles.	Gold standard human-labeled tiles (24,000 5×5 km areas; period not specified)	24,000 tiles (15% of training data)	75% average OA; 85% (across ten classes on holdout validation)	Only reported for certain regions (California, Costa Rica, Belgium and Laos)	NR	NR	•  Incomplete imagery for 2017: fewer input images may reduce the accuracy of class assignments compared to 2018–2023. •  Class confusion: crops can be misclassified as grasses, and there is confusion with flooded vegetation.
FNF05	Dynamic World -  Near Real Time LULC (from 2015-06-27 to present)	World Resources Institute Google (WIR)	Brown et al. 2022	https://www.nature.com/articles/s41597-022-01307-4	https://developers.google.com/earth-engine/datasets/catalog/GOOGLE_DYNAMICWORLD_V1	https://github.com/google/dynamicworld	Water, trees, grass, flooded vegetation, crops, shrub & scrub, built area, bare ground, snow/ice	(⩾ NR, ⩾ NR,  ⩾ NR). Areas of plantations, wooded vegetation, dense green shrubs, tall vegetation within savannas, swamps, and burned or mixed areas may be included in forest class.	No/Unclear	Global	10	2015	2024	Near-real-time (2-5 days)	Sentinel-2 L1C images	NR	Semi-supervised deep learning (supervised label data to train Fully Convolutional Neural Network	Deep Learning	NR	Balanced random sampling of ten image-markup pairs per biome per hemisphere; each Sentinel-2 tile annotated independently by three experts and one non-expert to enable cross-expert QA.	Sentinel-2 tiles with expert and non-expert annotations; reference years ~2017 (stratification based on NASA MCD12Q1, NLCD 2016, MapBiomas 2017)	Tile-level validation samples: 409 Sentinel-2 tiles Pixel-level validation samples (reference units): 68,137,571 pixels with expert consensus	73.8% (label agreement)	[Target class = Forest Class/Tree cover] Producer's Accuracy (Omission error) - 93.20%; User's Accuracy  (Commision error) - 70.20%	Inter-annotator agreement; expert–expert consistency; agreement between machine labeling and expert consensus under multiple voting schemes	Compared to other LULC products, Dynamic World showed +7.5% higher agreement than ESA CGLS ProbaV 2019 at higher spatial resolution (10 m vs 100 m), and 1.2% lower agreement compared to LCMAP 2017. Metrics focus on label agreement rather than traditional confusion-matrix-based accuracy.	•  Biome performance variability: performs best in temperate and tree-dominated biomes, with greater confusion in arid shrublands and rangelands, especially between crops and shrubs. •  Grassland and crop classification errors: underestimates grasslands (30.1% vs 50% by non-experts) and slightly underestimates crops (88.9% vs 93.7% by non-experts). •  Cloud and shadow misclassification: missed clouds may be labeled as snow & ice, and missed shadows as water, despite conservative masking efforts.
FNF06	GLC-FCS30D -  Global 30-meter Land Cover Change Dataset (version 1 and 2)	International Research Center of Big Data for Sustainable Development Goals (CBAS)	Zhang and Zhao 2023 (v1); Zhang and Zhao 2025 (v2)	https://essd.copernicus.org/articles/16/1353/2024/	(Official) -> https://gee-community-catalog.org/projects/glc_fcs/                                     (Third person exploration) --> https://gee-community-catalog.org/tutorials/examples/glc_fcs30d_lulc/#3-calculating-and-exporting-landcover-statistics	(version 1)- > https://zenodo.org/records/8239305 (version 2) --> https://zenodo.org/records/15063683 (not yet available on GEE catalog)	Level-1 classes are: Rainfed cropland, Irrigated cropland, Evergreen broadleaved forest, Deciduous broadleaved forest, Evergreen needleleaved forest, Deciduous needleleaved forest, Mixed-leaf forest, Shrubland, Grassland, Lichens and mosses, Inland wetland, Coastal wetland, Impervious surface, Sparse vegetation, Bare areas, Water body, Permanent snow and ice	(⩾ NR, ⩾ NR,  ⩾ 15%). May incluse savanna and woody savanna into forest class.	No/Unclear	Global	30	2000	2022	annual	All available Landsat imagery from 1984 to 2022 – covering the Landsat 5 Thematic Mapper (TM), Landsat 7 Enhanced Thematic Mapper Plus (ETM+), Landsat 8 Operational Land Imager (OLI), and Landsat 9 OLI missions	NR	Continuous change detection (CCD) time-series algorithm proposed by Zhu and Woodcock (2014b) with the local adaptive updating method	Rule-based / Threshold-based		Stratified random sampling based on landscape heterogeneity, population density, and Köppen climate groups; land-cover type determined via independent interpretation of high-resolution aerial imagery, multitemporal Landsat images, and ancillary data, followed by senior expert quality control.	GLC_FCS30D (2020); LCMAP_Val (30 m, period not specified); LUCAS (2006–2018, 3-year intervals)	GLC_FCS30D: 84,526; LCMAP_Val: 24,971; LUCAS: 1,090,863	Global validation (2020) achieved 80.88% O.A. for the 10-class system and 73.04% O.A. for the finer 17-class LCCS level-1 system.	[Target class = Forest Class/Tree cover] Producer's Accuracy (Omission error) - 92.83%; User's Accuracy  (Commision error) - 86.35%	Standard errors via post-stratified estimator	Using third-party datasets, mean O.A. was 79.50% over CONUS (LCMAP_Val, 1985–2018) and 81.91% over the EU (LUCAS, 2006–2018). Cropland and forest consistently showed high P.A. and U.A. (cropland >85% P.A. and >93% U.A.). Accuracy assessment followed Pontus Olofsson (2014) guidelines, combining site-specific confusion-matrix-based accuracy with area estimation.	•  Dependence on observation density: reliability decreases in areas with sparse valid satellite observations. •  Cloud and snow interference: cloudy or snowy regions increase uncertainty in detecting the timing of land-cover changes. •  Sparse historical data: limited satellite data availability before the year 2000 reduces accuracy for early periods. •  Climate-sensitive changes: land-cover changes influenced by climate are more difficult to capture accurately.
FNF07	FROM-GLC10 - Finer Resolution Observation and Monitoring of Global Land Cover	Department of Earth System Science, Tsinghua University	Chen et al. 2019	https://www.sciencedirect.com/science/article/pii/S2095927319301380?via%3Dihub	https://gee-community-catalog.org/projects/glc10/	https://www.dess.tsinghua.edu.cn/info/1120/1418.htm	Cropland, forest, grass, shrub, water, impervious, bareland, snow/ice, cloud	(⩾ NR, ⩾ NR,  ⩾ NR).	No/Unclear	Global	10	2017	2017	annual	Sentinel-2	Indices of vegetation (normalized difference vegetation index, enhanced vegetation index), water (modified normalized differ ence water index), built-up (normalized difference built-up index), and burning (normalized burn ratio); 25%, 50%, 75%, percentile of the annual time-series image spectral values; mean and standard deviations of each of the previous features; elevation, slope, aspect, and hill shadow; and longitude and latitude of the sample location.	Random Forest Classifier	Supervised Classical Machine Learning (ML)	~340,000 sample units (30×30 m to 500×500 m) located at ~93,000 sites worldwide	Multi-seasonal sampling from Landsat 8 images; land-cover types at different seasons interpreted and split into training and validation sets.	Landsat 8 images (2014–2015)	~140,000 sample units at >38,000 locations	72.76% (global, validated against 2015 validation sample)	[Target class = Forest Class/Tree cover]Producer's Accuracy (Omission error) -84.20%; User's Accuracy  (Commision error) - 83.47%		Validation used the 2015 global 30-m resolution sample set. The 2017 FROM-GLC30 map was also compared to the same 2015 sample, achieving 72.43% O.A. FROM-GLC10 showed finer spatial detail, improving distinction between forest, shrub, and grassland classes.	NR
FNF08	Forest Height - GLAD ARD - Thematic map of Global Land Cover and Land Use Change	Global Land Analysis and Discovery (GLAD) laboratory in the Department of Geographical Sciences at the University of Maryland USA (UMD)	Potapov et al., 2022	https://www.frontiersin.org/journals/remote-sensing/articles/10.3389/frsen.2022.856903/full	https://glad.earthengine.app/view/glcluc-2000-2020#lon=0;lat=0;zoom=3;	(Info)--> https://glad.umd.edu/dataset/GLCLUC2020 (Download) --> https://glad.umd.edu/users/Potapov/GLCLUC2020/Forest_height_2020/	Forest height( in meters) and non-forest (or no data)	(⩾ 5m*, ⩾ 0.5ha,  ⩾ NR). Forest class includes areas of wildland, managed, and planted tree cover, including agroforestry and orchards, but excludes temporally unstocked forest areas. (*) Woody vegetation starts from 3m.	No/Unclear	Global	30	2000	2020	annual, but only 2 years, 2000 AND 2020	Global Ecosystem Dynamics Investigation (GEDI, https://gedi.umd.edu/) lidar forest structure measurements and 2000-2020 Landsat analysis-ready data time-series	The GEDI 95th percentile of waveform energy relative to ground elevation was used as the training variable representing vegetation vertical structure. Predictor variables consist of phenology metrics derived from annuall, gap-filled clear-sky time series ranked by reflectance, brightness temperature, and vegetation indices (NDVI and NDWI). From these rankings, statistical descriptors are extracted, including key ranks (minimum, maximum, quartiles), interrank means, and amplitude measures. These phenological indicators are complemented by topographic metrics.	Regression tree ensembles	Supervised Classical Machine Learning (ML)	Reported only sampling arrangement	Comparison of 2020 forest height map with GEDI RH95 metric values within stable forests (≥5 m tree height in 2000 and 2020, no disturbance).	GEDI Collection 2 RH95 (April 2019 – September 2020)	104.7 million GEDI footprints	NA (Not expressed as a thematic percentage; forest height model accuracy evaluated in meters)		RMSE, MAE, R²	Year 2019 forest height map validated against GEDI Collection 1: RMSE = 6.6 m, MAE = 4.45 m, R² = 0.62; airborne lidar: RMSE = 9.07 m, MAE = 6.36 m, R² = 0.61. Year 2020 map validated against GEDI Collection 2 RH95 (stable forests): RMSE = 6.75 m, MAE = 4.76 m, R² = 0.53. Validation limited to forest pixels ≥5 m (map) and ≥3 m (GEDI).	• Challenges with sparse or open canopy forests: GEDI-calibrated forest height maps reveal forests ≥5 m in height within open-canopy regions and savannas that WorldCover classifies as shrubland.
FNF09	Forest Extent - GLAD ARD - Thematic map of Global Land Cover and Land Use Change	Global Land Analysis and Discovery (GLAD) laboratory in the Department of Geographical Sciences at the University of Maryland USA (UMD GLAD)	Potapov et al., 2022	https://www.frontiersin.org/journals/remote-sensing/articles/10.3389/frsen.2022.856903/full	https://glad.earthengine.app/view/glcluc-2000-2020#lon=0;lat=0;zoom=3;	(Info)--> https://glad.umd.edu/dataset/GLCLUC2020 (Download) --> https://glad.umd.edu/users/Potapov/GLCLUC2020/Forest_extent_2020/	Forest, non-forest	(⩾ 5m, ⩾ 0.5ha,  ⩾ NR). Forest class includes areas of wildland, managed, and planted tree cover, including agroforestry and orchards, but excludes temporally unstocked forest areas.	No/Unclear	Global	30	2000	2020	annual, but only 2 years, 2000 AND 2020	Dataset based on Forest height	The dataset is based on Forest height – GLAD ARD, with forest extent defined by a minimum forest height threshold of 5 m.	Binary thresholding of canopy height	Rule-based/Threshold-based		Stratified sampling across five forest-change strata (stable non-forest, stable forest, forest loss, forest gain, disturbed/adjacent pixels); pixels interpreted independently by two experts using Landsat GLAD ARD 16-day time series, annual/bimonthly composites, and high-resolution imagery from Google Earth.	Landsat GLAD ARD and high-resolution imagery (period not explicitly stated)	1,000 sample pixels (200 per stratum)	97.2% (Forest extent 2020)	[Target class = Forest Class/Tree cover] Producer's Accuracy (Omission error) - 94.8%; User's Accuracy  (Commision error) -94.6%		Validation based on sample-based assessment of forest extent maps for 2000 and 2020, including stable forest class. Standard error for both overall accuracies: ±0.7%. High accuracy observed across both temporal products.	•  Continuous variables mapping: Forest height and similar metrics are challenging to estimate with medium-resolution optical data; tree height models may saturate above 30 m. •  Reporting limitations: Map-based estimates alone are insufficient for national or international reporting due to unknown spatial and temporal error variability; probability-based sampling is recommended. •  Country-level forest area differences: The map underestimates forest area in Brazil, Canada, and Australia (~0.5 million km² each) and shows much lower forest cover in Somalia, Botswana, and Namibia compared to FAO FRA. Conversely, forest area is overestimated in Indonesia, DRC, and Central African Republic. •  Forest definition inconsistencies: Differences in national forest definitions and the exclusion of agroforestry and tree crops from FAO FRA estimates contribute to discrepancies. •  Overestimation by other products: ESA WorldCover 2020 overestimates forest area globally by 6–7%, driven by non-forest tundra regions misclassified as forest. •  Continuous vs discrete mapping: Continuous forest height data better capture vegetation structure and carbon storage than discrete land cover classifications.
FNF10	GEDI-Height-2019 - Global Forest Canopy Height from GEDI & Landsat	Global Land Analysis and Discovery (GLAD) laboratory in the Department of Geographical Sciences at the University of Maryland USA (UMD GLAD)	Potapov et al., 2020	https://www.sciencedirect.com/science/article/pii/S0034425720305381	https://gee-community-catalog.org/projects/gfch/	https://glad.umd.edu/dataset/gedi/	Forest and non-forest classes, where forests contains different tree heights (Pixel values: 0-60 Forest canopy height, meters, 101 Water, 102 Snow/ice ,103 No data)	(⩾ 0m*, ⩾ NR,  ⩾ NR). Mapping tree cover including plantation, agroforestry, managed and planted trees, etc. (*) Minimum Tree height can be set by the user.	No/Unclear	Global	30	2019	2019 (April-October)	annual	The Global Ecosystem Dynamics Investigation (GEDI) lidar instrument onboard the International Space Station and Landsat	Individual Landsat scenes were combined into 16-day composites, using observation quality information to favor clear-sky data. Each composite includes normalized surface reflectance for visible, NIR, and SWIR bands, brightness temperature, and quality indicators. From the resulting time series, summary statistics are derived by ranking observations by reflectance or index values, using multiple spectral indices and variability measures (e.g. NDVI, spectral variability, tasseled cap greenness).	Regression Tree model	Supervised Classical Machine Learning (ML)	372 million GEDI samples; randomly split 90% training / 10% validation; In average ~31,000 samples per 1×1° Landsat GLAD ARD tile (range: few to ~200,000 samples)	Comparison of Landsat-derived forest height products with reference data (GEDI RH95 and ALS canopy height) at pixel/grid scale; forest detection accuracy quantified by transforming both datasets into binary forest/non-forest classes for multiple thresholds (≥3 m, ≥5 m, ≥10 m); 10% of GEDI observations set aside for validation; per-tile random sampling applied.	GEDI RH95 gridded to Landsat pixels (2019); ALS canopy height (selected areas in USA, Mexico, DRC, Australia; period not explicitly stated)	13.4 million GEDI validation samples; additional ALS validation samples (number not specified)	Overall Accuracy (by threshold and reference dataset): Forest ≥3 m: 83.0% (GEDI), 87.6% (ALS) Forest ≥5 m: 87.8% (GEDI), 88.1% (ALS)	[Target class = Forest Class/Tree cover] Producer's Accuracy (Omission error) -66.7%; User's Accuracy (Commision error) - 89.0%	Height accuracy metrics (2019 map): GEDI Collection 1: RMSE = 6.6 m; MAE = 4.45 m; R² = 0.62 ALS: RMSE = 9.07 m; MAE = 6.36 m; R² = 0.61	Accuracy assessed using binary forest/non-forest thresholds (≥3 m, ≥5 m, ≥10 m). Higher uncertainty observed when compared with ALS data. Mean height difference of −3.8 m indicates systematic underestimation of forest height. Underestimation is stronger in short forests (~3 m) and tall forests (>21 m).	•  GEDI data overestimation on slopes: Forest heights are overestimated in temperate and subtropical mountain grasslands (e.g., New Zealand, Lesotho). •  Urban height confounding: Tree heights over cities and suburbs may be mixed with building heights. •  GEDI calibration uncertainties: Errors in geolocation and land surface height estimation can contribute to map inaccuracies. •  Model saturation: The forest height model saturates above 30 m, underrepresenting the tallest trees.
FNF11	PALSAR-2 FNF v2.0.0 - Global 4-class PALSAR-2/PALSAR Forest/Non-Forest Map	Japan Aerospace Exploration Agency (JAXA)	Shimada et al. 2014	https://www.eorc.jaxa.jp/ALOS/en/dataset/pdf/DatasetDescription_PALSAR2_FNF_v200a.pdf	https://developers.google.com/earth-engine/datasets/catalog/JAXA_ALOS_PALSAR_YEARLY_FNF4#description	https://www.eorc.jaxa.jp/ALOS/en/dataset/fnf_e.htm	Forest, non-forest, and water area.	(⩾ 5m, ⩾ 0.5ha,  ⩾ 10%). Forest class includes some plantations (e.g., rubberwood, cork oak, christmas tree plantations and etc.), and planted trees/forests.	Yes	Global	25	2017	2020	annual	L-band Synthetic Aperture Radar sensors on the Advanced Land Observing Satellite-2 (ALOS-2 PALSAR-2), the Advanced Land Observing Satellite (ALOS PALSAR) and the Japanese Earth Resources Satellite-1 (JERS-1 SAR)	In addition to L-band SAR, both HH and HV polarizations are employed for classification. The process involved input from contributing countries and workshops, covering four main land cover classes and utilizing over 73 spectral libraries.	Random Forest machine learning-based classification	Supervised Classical Machine Learning (ML)	NR	Visual interpretation of 40 m radius circles centered on target points in Google Earth; non-forest categories combined for evaluation; validity calculated against these interpreted points.	Google Earth imagery (period not specified)	NR	≥ 86% (three-category case, 2017–2020)	NR	Four-category case: ≥ 76% overall accuracy (2017–2020) Kappa coefficient: 0.68–0.94	Accuracy assessed for two classification schemes: a four-category case and a simplified three-category case (forest classes merged). The three-category aggregation increased overall accuracy by approximately 5–10% compared to the previous version. Validation performed for four consecutive years (2017–2020).	NR
FNF12	GLCLU - GLAD 2019 - Global land cover and land use 2019, version 1.0	Global Land Analysis and Discovery (GLAD) laboratory in the Department of Geographical Sciences at the University of Maryland USA (UMD GLAD)	Hansen et al., 2022	https://iopscience.iop.org/article/10.1088/1748-9326/ac46ec	https://glad.earthengine.app/view/global-land-cover-land-use-v1#lon=0;lat=0;zoom=3;	https://glad.umd.edu/dataset/global-land-cover-land-use-v1	Bare ground, Semi-arid vegetation, Dense short vegetation, Open or short tree cover, Dense and tall tree cover, Wetland, Permanent surface water, Permanent ice, Built-up land, Cropland, Treed land use, Other land use	(⩾ 3m, ⩾ NR  ⩾ 10%). Forest defined as woody vegetation.	No/Unclear	Global	30	2019	2019	annual	Landsat 16-day Composite Imagery	Landsat and topographic metrics used for wetlands, complemented by ancillary data including tree height from GEDI space-borne lidar and road networks from OpenStreetMap to identify built-up areas.	Several approaches used for different land cover class: Global regression tree, Regional classification trees, Locally calibrated regression trees, Regional QA models of water and snow/ice, Regional deep learning convolution neural networks, and Global/regional hybrid decision tree	Hybrid	NR, but the training data were mainly obtained from labels interpreted by domain experts	A probability-based stratified random sampling design was implemented across 19 strata derived from 30 m continuous and discrete land-cover classes. Fifty sample points were allocated to each stratum with equal inclusion probability at the global level. Accuracy assessment and area estimation were conducted following standard stratified estimation procedures, with global accuracy metrics reported alongside standard errors to quantify sampling variability.	Google Earth imagery and MODIS time-series data (250 m red, NIR, SWIR bands; NDVI, NDWI; period not explicitly stated)	NR but the intended arrangement is: 19 strata; 50 sample points per stratum; total ~950 samples	78.35% (±1.86 SE)	[Target class = Forest Class/Tree cover] Producer's Accuracy (Omission error) -58.90% (open tree cover) and 87.36% (dense tree cover); User's Accuracy (Commision error) - 70% (open tree cover) and 78% (dense tree cover)	Standard Error (SE): 1.86 Area estimates derived from stratified sample	NR	NR
FNF13	CHM-1m - Meta/WRI Global Canopy Height	Meta Sustainability and WIR	Tolan et al., 2023	https://arxiv.org/pdf/2304.07213v2	https://gee-community-catalog.org/projects/meta_trees/	https://registry.opendata.aws/dataforgood-fb-forests/	Canopy Height	(⩾ 1m*, ⩾ NR,  ⩾ NR). Tree cover mapping.	No/Unclear	Global	1	2009	2020	single layer combined years 2009 - 2020	Maxar Vivid imagery (including WorldView-2, WorldView-3, and QuickBird-2) was used as the primary optical data source for model training and inference. These high-resolution satellite images were mosaicked to achieve near-global coverage. Airborne LiDAR data were used as high-resolution reference data for training, and spaceborne LiDAR from the GEDI mission provided calibration and large-scale correction	Optical RGB imagery (Maxar Vivid mosaic) → used for self-supervised pretraining and feature extraction; Airborne LiDAR Canopy Height Models (CHMs) → high-resolution structural reference for supervised training; GEDI Relative Height (RH) metrics → used as sparse but globally distributed reference data for model calibration and large-scale bias correction.	Self-Supervised learning and simple convolution network	Deep Learning	NR, but patches are extracted from optical imagery centered on locations with corresponding CHM / GEDI data. Sampling arrangement: NEON ALS (National Ecological Observatory Network – Airborne Laser Scanning) images; split 80% training / 10% calibration / 10% validation	Model evaluation incorporated canopy height, segmentation, and tree instance metrics, using a dataset split into training (80%), calibration (10%), and set-aside validation (10%) subsets. Calibration metrics were computed after each epoch using non-overlapping tiles. Segmentation accuracy uncertainty was estimated via 10,000-iteration bootstrapping to account for the cluster sampling design. All metrics were evaluated at both the global scale and across UN geoscheme regions.	Validation performed using a human-annotated dataset derived from randomly sampled GEDI footprints (RH95 > 3 m) from a global set-aside validation set, independent of aerial lidar training data. Accuracy also evaluated against NEON test data and region-specific datasets (e.g., São Paulo, France)	NR. NEON ALS images; split 80% training / 10% calibration / 10% validation	74% (±0.006) IOU- (Intersection over Union) since it measures human-annotated labels	[Target class = Forest Class/Tree cover] Producer's Accuracy (Omission error) -77% ±0.008; User's Accuracy (Commision error) - 88% ±0.006)	Canopy height metrics: MAE; R²-block (computed on 50 × 50 pixel / 30 × 30 m blocks); edge accuracy reported separately	NR	"•	The availability of recent ALS training data is limited in geographic scope. While self-supervised learning and the GEDI-based corrective model improve generalization and reduce test error, increased geographic availability of ALS remains necessary to further validate the proposed maps in new areas.  •	The generated maps are limited by variations in input imagery, particularly in view angle, sun angle, acquisition times and dates, and optical aerosol.  •	Terrain slope appears to influence predicted height since it affects the length of the shadow an individual tree casts.  •	Currently, the ability to conduct tree height change detection assessments is limited by the need for improved input image processing to better align differences between image pairs.  •	As indicated in Section 4.4, there is a bias towards underestimating canopy height for taller trees, particularly in the Brazilian states of So Paulo and Espirito Santo. This effect may be due to the relative scarcity of the highest heights in the training data and requires further investigation."
FNF14	ETH - 2020 -  High-resolution canopy height model of the Earth	EcoVision Lab, Photogrammetry and Remote Sensing, ETH Zürich	Lang et al., 2023	https://www.nature.com/articles/s41559-023-02206-6	https://nlang.users.earthengine.app/view/global-canopy-height-2020	https://langnico.github.io/globalcanopyheight/	Canopy Height	(⩾ 0m*, ⩾ NR,  ⩾ NR). Tree cover mapping. (*) Minimum Tree height can be set by the user.	No/Unclear	Global	10	2020	2020	annual	Sentinel-2 and GEDI LIDAR–derived canopy top height (RH98)	NR	Convolutional neural networks (CNNs)	Deep Learning	Total dataset: 600 million samples, extracted as 15×15 pixel Sentinel-2 patches around GEDI footprints acquired between April and August 2019–2020. Training split: Remaining 80% of Sentinel-2 tiles used for training	Global evaluation using spatial holdout at Sentinel-2 tile level; 20% of 100 × 100 km Sentinel-2 tiles reserved for validation and 80% used for training; independent secondary evaluation against airborne LiDAR canopy-top heights.	GEDI footprints with Sentinel-2 image patches (April–August 2019/2020; Sentinel-2 data mainly May–September 2020); additional reference from LVIS RH98 and ALS-derived canopy height models	Total dataset: 600 million samples, extracted as 15×15 pixel Sentinel-2 patches around GEDI footprints acquired between April and August 2019–2020. Validation split: 20% of Sentinel-2 tiles (100×100 km each) held out for validation			RMSE: 6.0 m (all samples), average RMSE (height-balanced): 7.3 m MAE: not explicitly reported Mean Error (ME / bias): 1.3 m (all samples), -1.8 m (height-balanced)	Validation focuses on canopy height estimates. Height balancing was applied across 5-m intervals to reduce bias for taller canopies. Slight overestimation occurs for low canopy heights. All metrics derived from the full validation dataset.	•  Effective spatial resolution lower than nominal: Each 10 m pixel effectively reflects the largest canopy-top height within a ~25 m GEDI footprint, reducing the ability to resolve individual vegetation features. •  Sparse supervision and geolocation errors: Limited GEDI coverage and 15–20 m geolocation uncertainty obscure fine-scale canopy height variations and introduce noise between adjacent pixels. •  Tiling artifacts and systematic offsets: Tile borders, especially at high latitudes, show inconsistencies, potentially degrading absolute height estimates for locally unique vegetation structures. •  Overestimation in low-canopy areas: Canopy heights under 5 m tend to be overestimated, despite accurate tall canopy mapping. •  Persistent cloud cover artifacts: Minor map artifacts occur in regions with high cloud frequency. •  High predictive uncertainty in specific regions: Tropical areas (e.g., Papua New Guinea) and northern latitudes (e.g., Alaska) exhibit high uncertainty. •  Optical-only limitations: Reliance solely on optical imagery constrains the accuracy of canopy height estimation, suggesting the need for integrating additional environmental predictors. •  Potential for future improvement: Super-resolution methods, updated GEDI versions, and uncertainty-based filtering could enhance small-feature preservation and reduce biased estimates.
FNF15	GFCC30TCC-v4 - Global Forest Cover Change (GFCC) Tree Cover Multi-Year Global	National Aeronautics and Space Administration (NASA)	Sexton et al., 2013	https://lcluc.umd.edu/metadata/global-30m-landsat-tree-canopy-version-3	https://gee-community-catalog.org/projects/global_tcc/	https://e4ftl01.cr.usgs.gov/MEASURES/GFCC30TC.003/	Tree cover	(⩾ 5m, ⩾ NR,  ⩾ 0%*). Mapping of woody vegetation. (*) Minimum canopy cover can be set by the user.	No/Unclear	Global	30	2000	2015	5-years	The product is derived from all seven bands of Landsat 5 Thematic Mapper (TM) and/or Landsat 7 Enhanced Thematic Mapper Plus (ETM+)  and Sentinel-2 imagery	Landsat surface reflectance from all seven bands of Landsat 5 TM and/or Landsat 7 ETM+;  Ancillary data (unspecified); 250-m MODIS VCF Tree Cover estimates (used as reference for downscaling); LiDAR point data (~13 points/m² in 250×250 m subsets) for tree/non-tree classification.	Continuous field modeling approach (Tree cover was mapped using a continuous field modeling approach, in which Landsat spectral information and ancillary data were used to rescale the coarse-resolution MODIS VCF tree cover estimates to a finer 30 m resolution)	Deep Learning	Exact number of training samples is not explicitly stated, but Training data were generated by overlaying MODIS VCF tree cover (250m) on rescaled Landsat layers, then drawing a joint sample of cover and reflectance variables per Landsat scene. LiDAR subset provides ~812,500 points per 250×250 m area (estimate) for local calibration	Cross-validation-based accuracy against lidar measurements, 10-fold cross-validation fo pixel-level uncertainty assessment, and a parallel validation assessment using MODIS VCF.	Lidar measurements (period not explicitly stated); consistency check against MODIS VCF Tree Cover (2000–2005).	NR; validation performed via 10-fold cross-validation using the full training dataset (no independent validation sample size specified)			RMSE: 17.4% (Landsat-based estimates) vs 16.8% (MODIS VCF)	Assessment limited to North and Central America. Rescaling MODIS to Landsat resolution caused minimal loss of thematic information. Uncertainties largely inherited from MODIS training data; regression slopes <1 and intercepts >0 indicate underestimation of high tree cover (>80%). Ancillary data (crop probability and non-forest masks) helped reduce overestimation in agricultural areas.	NR
FNF16	LCFM v1 - Copernicus Global Land Cover and Tropical Forest Mapping and Monitoring service	JRC - Copernicus Land Monitoring Service	European Union's Copernicus Land Monitoring Service information, 2025	https://sdi.eea.europa.eu/catalogue/srv/api/records/602507b2-96c7-47bb-b79d-7ba25e97d0a9/formatters/xsl-view?output=pdf&language=eng&approved=true	NR	https://land.copernicus.eu/en/products/global-dynamic-land-cover/land-cover-2020-raster-10-m-global-annual	Tree cover, Shrubland, Grassland, Cropland, Herbaceous wetland, Mangroves, Moss and lichen, Bare / sparse vegetation, Built-up, Permanent water bodies, Snow and ice, Unclassifiable	(⩾ NR, ⩾ NR,  ⩾ 50%). Geographic area dominated by trees such as areas with planted trees for afforestation and other plantations (e.g. oil palm, olive trees). It may include some mangrove areas.	No/Unclear	Global	10	2020	2020	annual	Copernicus Sentinel-1 L3 Monthly Mosaics; Copernicus Sentinel-2 L2A; Copernicus GLO-30 Digital Elevation Model (DEM); AgERA5 V1; Land Cover Map Training Data (LCM-TD)	The classification integrates multi-source features from optical, radar, climatic, and spatial data. Sentinel-2 inputs are temporally composited and summarized using percentile statistics, with data quality controlled through the Land Occlusion Score (LOS), which models clouds, shadows, snow, and surface probabilities. Sentinel-1 backscatter (VV, VH, and their ratio) is likewise aggregated into percentile-based temporal metrics. Climatic variables from AgERA5 are summarized and reduced into low-dimensional embeddings using UMAP to capture regional meteorological patterns. Additional spatial features, including geographic coordinates and elevation, provide contextual information, allowing the model to combine spectral, structural, climatic, and locational signals within a unified classification framework.	EvoNet based land cover model training and global inference (algorithm method that combines the advantages of CNNs with traditional pixel-based classifiers within a single integrated framework)	Deep Learning	The training dataset consists of over 45,000 image patches, each measuring 1280 × 1280 m², sampled globally using a heterogeneity-based strategy.  A class-balanced subset of these ~45,000 patches was used to train the AI model, while a separate independent subset was reserved for global validation	The validation followed a blind, probability-based response design in which 1-hectare spatial assessment units (containing 100 pixels of 10 m × 10 m) were interpreted independently of the map’s predicted classes. Each pixel within the hectare was assigned a reference land-cover code according to the product’s class definitions, using both the pixel-level signal and surrounding contextual information to support consistent interpretation. Validation was conducted on the native LCM-10 product in its original UTM projection to ensure perfect spatial alignment with Sentinel-2 pixels and equal-area assessment globally, thereby avoiding distortions or resampling errors from reprojection. This design enabled the estimation of class-specific omission and commission errors at a standardized spatial unit.	An independent probability-based sample selected using a global hexagonal DGGS (H3) grid generated visual interpretation of sampled locations	The accuracy assessment used 10,702 validation samples (1 ha each) for continental, biome, and country-level metrics, and a double-interpreted subset of 1,070 samples (overlapping with the larger set) to compute the global accuracy metrics	80.10% ± 0.20%	[Target class = Forest Class/Tree cover] Producer's Accuracy (Omission error) - 90.9%; User's Accuracy  (Commision error) - 83.39%	NR	Most land-cover classes met or exceeded target performance levels. However, some class-specific weaknesses were identified through user’s and producer’s accuracy metrics and analysis of the confusion matrices. Grassland (class 30) and Herbaceous Wetland (class 50) exhibited low producer’s accuracy, indicating omission errors. Moss and Lichen (class 70) and Built-up areas (class 90) showed low user’s accuracy, reflecting commission errors. Shrubland (class 20) was the only class with low performance in both user’s and producer’s accuracy, suggesting both omission and commission issues.	•  Global overall accuracy of LCM-10 2020 V1 is 80.10% ± 0.20%, below the target of 85%. •  Only 6 out of 11 classes meet the 75% accuracy threshold; fails secondary validation requirement of ≥75% accuracy for at least two-thirds of classes. •  Herbaceous Wetland narrowly misses the 75% User Accuracy target. •  Shrubland and Grassland show high confusion with each other and Tree Cover, especially in mixed or semi-arid/tropical ecotones. •  Moss and Lichen have high commission errors, with Grassland and Bare/Sparse Vegetation often misclassified as this class. •  Built-up areas exhibit high commission errors due to misclassification of low-density residential areas, gardens, bare surfaces, and unpaved roads.
FNF17	Global Forest Watch (GFW) - Hansen Global Forest Change Data v1.11                                                      [The dataset provides forest extent only for the year 2000, along with forest loss and gain data up to 2023. However, it does not include forest status for intermediate years. Because of inconsistencies in the data, a reliable “current forest cover” cannot be derived by simply subtracting losses and adding gains to the 2000 baseline.]	Global Land Analysis and Discovery (GLAD) laborator, Department of Geographical Sciences (UMD), University of Maryland USA and Global Forest Watch (GFW)	Hansen et al., 2013	https://www.science.org/doi/10.1126/science.1244693	https://developers.google.com/earth-engine/tutorials/tutorial_forest_02 | https://glad.earthengine.app/view/global-forest-change#bl=off;old=off;dl=1;lon=30.11785364822165;lat=15.104446959612913;zoom=2;	https://storage.googleapis.com/earthenginepartners-hansen/GFC-2023-v1.11/download.html | https://www.globalforestwatch.org/map/	Treecover2000 (in%); gain, loss, Landsat band cloud-free image composite (8 classes-bands), datamask and lossyear	(⩾ 5m, ⩾ NR,  ⩾ 10%). Primarily mapping of tree cover with vegetation greater than 5 meters in height taking form of natural forests or plantations.	No/Unclear	Global	30	2000	2023 (in GFW available until 2025 forest loss)	annual	Landsat 7 Enhanced Thematic Mapper Plus (ETM+) scenes	The metrics define a general feature space suitable for regional-scale mapping and have been widely applied using MODIS, AVHRR, and more recently Landsat data to characterize forest cover loss. Three types of per-band metrics are used over the study period: percentile-based reflectance values (minimum, maximum, and selected percentiles), mean reflectance within defined percentile intervals, and temporal trends derived from linear regression slopes of reflectance over time.	Bagged decision tree (bootstrap aggregating)	Supervised Classical Machine Learning (ML)	NR. Training data were derived from expert interpretation of high-resolution imagery and existing tree cover maps, labeling forest loss, gain, and no-change areas	Probability-based stratified random sampling across five biomes and three sub-strata per biome (no change, loss, gain); each 120 m sample block interpreted into quartiles of reference change using time-series Landsat, MODIS, VHR imagery (QuickBird, Google Earth), and LiDAR (GLAS/ICESat-1).	Very high-resolution imagery (QuickBird, Google Earth), Landsat, MODIS, NASA GLAS LiDAR; period not explicitly stated	1,500 sample blocks (150 no change, 90 loss, 60 gain per biome)	Loss -> 99.6% (0.7% SE); Gain -> 99.7% (0.6% SE)	Forest gain: User’s Accuracy = 82%, Producer’s Accuracy = 48%; Commission errors = 13%, Omission errors = 12%	NR	Overall accuracy of >80% for forest loss globally. High uncertainty for tropical forest gain (95% CI: 0.01–0.35% of land area). Possible overestimation of boreal forest gain. Validation at 120 m pixel scale; accuracy varies by biome.	•  High uncertainty in tropical forest gain estimates: The 95% confidence interval for bias ranges from 0.01% to 0.35% of land area. •  Potential overestimation of boreal forest gain. •  Validation resolution constraints: While robust at the 120 m pixel scale, finer-scale accuracy or small-scale changes may be less certain.
FNF18	GEM-Forest: A Global satellite EMbedding–based map of forests and tree crops for 2020 (GEM-FnF2020 and  GEM-TC2020)	Google DeepMind (Alpha Earth Foundation - AEF)	Paluba et al. 2026	https://egusphere.copernicus.org/preprints/2026/egusphere-2026-1401/	https://gee-community-catalog.org/projects/gem_forest/?h=tree+cover	https://doi.org/10.5281/zenodo.18921586	GEM-FnF2020 uses a binary classification scheme distinguishing non-forest (0) and forest (1).  GEM-TC2020 applies a multi-class scheme including non-forest/other (0), forest (1), and tree crops (2), where tree crops comprise oil palm, rubber, coconut, other palm species, and European perennial crops such as olives and fruit orchards.	The definition of forest in the map aligns with the forest definition by the Food and Agriculture Organization (⩾ 5m, ⩾ 0.5ha,  ⩾ 10%). GEM-Forest distinguishes agricultural tree crops, including oil palm, rubber, coconut, other palms, and European crops such as olives and fruit orchards, to reduce confusion with natural forests.	Yes	Global	10	2020 (transferable to 2017–2025 via released model weights)	2020	annual	The main input is the Google DeepMind AlphaEarth Foundation Satellite Embedding dataset, which provides 64-dimensional feature vectors at 10 m resolution representing multi-sensor, multi-temporal Earth observation signals aggregated annually (2017–2025). The embeddings are generated by a deep learning model integrating optical (Landsat, Sentinel-2) and radar (Sentinel-1) data, trained using auxiliary radar, LiDAR (GEDI), environmental (e.g., DEM, ERA5-Land, GRACE), and geolocated reference datasets.	No metrics/indices were used, however, intermediate masks (tropical tree crop, strict forest, non-forest, urban) were applied	Google DeepMind Alpha Earth Foundation (AEF) model and a Linear Support Vector Machine classifier (selected from 8 ML models tested)	Hybrid (Deep Learning + Supervised Machine Learning)	Approximately 47,000 points distributed worldwide across 230 areas of 100 × 100 km each. Training data were automatically derived by combining several global land-cover and forest products (including ESA WorldCover, JRC GFC2020 v3, and Hansen Global Forest Change) to create a strict forest mask. Tree-crop samples were compiled from multiple thematic layers covering palm, rubber, coconut, and European tree crops from global and regional datasets. A 0.5 ha majority filter was applied to the forest class to ensure consistency with FAO and EUDR area definitions, while urban areas were excluded using GAIA and Copernicus urban masks. Cocoa and coffee were not included due to limited global datasets and the difficulty of separating shade-grown systems from natural forest using remote sensing alone.	Accuracy was evaluated using standard metrics, including overall accuracy, class-specific F-scores, macro and weighted F-scores, and omission/commission errors to quantify under- and over-classification. Tree crop performance was assessed using overall accuracy and commission errors. All assessments were conducted on raw outputs without applying the 0.5 ha forest majority filter. Forest/non-forest results were further examined through targeted visual interpretation of misclassified samples using high-resolution imagery and multi-temporal optical and radar data. Errors were grouped into thematic categories (e.g., transitional vegetation, forest edges, shrub–tree confusion, and urban or fragmented landscapes) to distinguish true model errors from definition or labeling inconsistencies. Tree crop validation used independent datasets for major plantation types in tropical regions and land-cover-based reference data for European orchards, refined through high-resolution visual checks. The product was also compared with multiple global forest and tree cover datasets to assess consistency across existing benchmarks.	Forest / non-forest validation JRC Validation dataset for global forest cover 2020 (v2), used in the GFC2020 validation framework  FAO Global Administrative Unit Layer (GAUL) (for spatial consistency filtering)  Error / misclassification assessment Subset derived from the main JRC validation dataset (used for omission/commission error analysis)  High-resolution imagery from Google Earth Pro (GEP)  Sentinel-1 radar time series  Sentinel-2 optical time series  Tropical tree crop validation Global and regional oil palm datasets (industrial and smallholder plantations)  Ecuador oil palm plantation dataset (industrial-scale reference areas)  Monoculture rubber plantation dataset (Southeast Asia)  Coconut palm plantation datasets (global distribution, including canopy density variation)  Extended palm species datasets (non-coconut palms)  European tree crop validation CORINE Land Cover 2018 (European Environment Agency)  CORINE classes:  Olive plantations (class 223)  Fruit and berry plantations (class 222)  High-resolution imagery from Google Earth Pro (used for temporal confirmation)  Cross-dataset comparison (benchmarking only, not direct validation) Hansen Global Forest Change (GFC) 2020  PALSAR-2/PALSAR Forest/Non-Forest Map (2020)  Copernicus Global Land Cover Layers (2019)  IPCC Aboveground Biomass Tier 1 forest classification dataset  ESA WorldCover (2020)  GFC2020 v2  GFC2020 v3	Approximately 21,000 samples (forest and non-forest classes) plus eight tree-crop validation datasets.	91% (FNF); >85% (most tree crops)	Omission and Commision errors for Forest and Non-forest classes startified by classifier type (see publication text)	macro F-score = 0.90	The forest/non-forest model trained without explicit tree crop data achieved similar or slightly better overall performance on the main validation dataset (OA ~91–92%, macro F1 ~0.90–0.91). However, targeted analysis in plantation-dominated regions and dedicated tree crop validation revealed substantial weaknesses, with high forest commission errors, indicating systematic confusion between forests and tree crops. These findings show that relying only on global forest/non-forest validation is insufficient, as tree crops are underrepresented and misclassified, motivating the use of dedicated tree crop data and a separate subclass in the final classification scheme.	•  Tree crop composition: The class mainly includes oil palm, rubber, coconut, and European fruit/olive orchards.  •  Exclusions: Cocoa and coffee plantations are not included due to limited global training data and the difficulty of identifying shaded cultivation systems using Earth Observation data.  •  Regional and class-specific performance: Accuracy varies by region, with European tree crops showing lower performance (approximately 45–66%) due to fragmented parcels and limited training samples. Misclassifications are also common in transitional vegetation such as sparse woodlands, shrub–tree mosaics, and forest edges.  •  Validation data: The model performs well on global forest/non-forest labels and eight tree crop validation datasets, though additional regional validation would further improve robustness, particularly for heterogeneous landscapes.  •  Forest regrowth definition: Recently cleared areas and early-stage regrowth below height-based forest thresholds (e.g., 5 m) are classified as non-forest, differing from FAO and EUDR conventions that may include regrowing forests.  •  Urban land cover artifacts: Some commission errors may occur in urban areas where GAIA and FADSL masks do not fully capture built-up extent.  •  Temporal constraint: The dataset is only available for the 2017–2025 AEF coverage window, limiting its applicability outside this period.
FNF19	Global Natural and Planted Forests	Xiao et al. 2024 (Researchers)	Xiao et al. 2024	https://spj.science.org/doi/10.34133/remotesensing.0204	https://gee-community-catalog.org/projects/global_ftype/#key-features	https://zenodo.org/records/10701417	Natural forests, planted (artificial) forests and  non-forest areas.	(⩾ NR, ⩾ NR,  ⩾ NR).	No/Unclear	Global	30	2021	2021	annual	Landsat 4-8 Tier 1 SR images (1985-2021) for classification. Auxiliary data for deriving natural and planted forest classes: The 2021 European Space Agency WorldCover product (WorldCover 2021), ALOS Global Digital Surface Model (AW3D30), Forest height 2020 (Potapov et al. 2022), Sentinel 1 (VV, VH) and GlobalSurfaceWater.	For the classification step, median composites of Landsat 8 imagery from July to October 2021 were used, incorporating the blue, green, red, near-infrared (NIR), and shortwave infrared (SWIR1 and SWIR2) spectral bands, and restricted to scenes with less than 50% cloud cover and an image quality score of 9.	Time-series change detection method applied to Landsat imagery, using a locally adaptive random forest (RF) classifier to distinguish planted forests from natural forests according to differences in disturbance frequency	Supervised Classical Machine Learning (ML)	>70 million training samples derived from Landsat imagery at 30 m resolution spanning the period 1985 to 2021.	Validation relied on visually interpreted reference data from high-resolution Google Earth imagery, combined with a 2-rank sampling design over 5° × 5° grids and selected 0.5° × 0.5° map sheets. A total of 17,665 stratified samples were generated and quality-controlled using clear interpretation rules for natural, planted, and non-forest classes. Classification accuracy was then evaluated using a confusion matrix with overall accuracy, user’s accuracy, and producer’s accuracy.	Visual interpretation of very high-resolution imagery from Google Earth ( independently interpreted validation). Additionally compared dataset with FAO statistics and SDPT (spatial dataset of planted trees) maps.	17,665 samples, comprising 4,207 natural forest, 4,304 planted forest, and 9,154 non-forest reference points.	0.85	Nonforest: Producer's Accuracy (Omission error) - 97%; User's Accuracy  (Commision error) - 96%; Natural Forests:Producer's Accuracy (Omission error) - 91%; User's Accuracy  (Commision error) - 68%; Planted Forests: Producer's Accuracy (Omission error) - 53%; User's Accuracy  (Commision error) - 84%;	OA, PA, UA accuracies for each 6 continents (see their publication)	Natural forest estimates show very strong agreement with FAO statistics (correlation coefficient r = 0.99), while planted forest estimates show larger discrepancies, indicated by a slope of 1.2432 compared to FAO data. Comparison with SDPT dataset revealed substantial differences in estimated planted forest extent, mainly driven by differences in spatial resolution, methodological approaches, and temporal coverage.	•  Imbalanced training data, with insufficient samples for some forest types and regions, despite augmentation strategies that were computationally limited.  •  Mislabeled training samples, caused by difficult-to-distinguish land cover types and imperfect filtering rules, introducing classification errors.  •  Sensitivity to classification thresholds, where parameter choices can either worsen imbalance or increase mislabeling.  •  Residual image contamination, especially cloud and shadow effects in optical imagery, leading to local misclassification and noise in the final map.
FNF20	Natural forests of the world 2020 - probability maps, version 1	Google DeepMind	Neumann et al. 2025	https://www.nature.com/articles/s41597-025-06097-z	https://developers.google.com/earth-engine/datasets/catalog/projects_nature-trace_assets_forest_typology_natural_forest_2020_v1_0_collection#citations	https://plus.figshare.com/articles/dataset/Natural_forests_of_the_world_2020_-_probability_maps/28881731	Natural forest probabilities (scaled to [0-250]).	"The definition of forest in the map aligns with the forest definition by the Food and Agriculture Organization (⩾ 5m, ⩾ 0.5ha,  ⩾ 10%). The map shows how likely each area is to be natural forest, including  primary forests, naturally regenerating secondary forests, managed natural forests, and degraded forests that remain unconverted to other land uses. It separates these from planted forests, tree plantations, and other types of land cover. The definition of ""forest"" was adapted to remote sensing application, as some characteristics of “naturally regenerating” forests cannot be reliably captured using Earth observation data alone."	Yes	Global	10	2020	2020	annual	For each sample location, a training example was constructed by combining multi-temporal Sentinel-2 multispectral data, elevation and topographic information from FABDEM, and the geographic coordinates of the sample.	Sentinel-2 multispectral features (Level-2A surface reflectance): 10 spectral bands: B2, B3, B4, B5, B6, B7, B8, B8A, B11, B12 (resampled to 10 m). Seasonal aggregation of 2020 cloud-free observations into four quarterly composites (Dec–Feb, Mar–May, Jun–Aug, Sep–Nov) using a median temporal filter, producing a 4-season temporal stack. Derived Sentinel-2 data structure: Final input tensor: (4, 128, 128, 10) representing seasonal composites × spatial patch × spectral bands. Topographic / elevation features (FABDEM / Copernicus GLO-30-based): Elevation (surface height above sea level) Slope (derived from elevation) Aspect (slope orientation) All resampled to 10 m resolution, forming a 3-layer stack.	The method integrates multiple labeled datasets to train a global deep learning model that maps the likelihood of natural forest. It leverages satellite data by combining spectral signals, time-series patterns, and spatial texture to improve classification. Training labels were built by merging multiple global forest datasets (e.g., natural forest maps, old-growth inventories, and probabilistic products) to define an initial natural forest class, then refining it by removing recently deforested or likely non-natural areas, applying a forest mask based on tree height and disturbance/forest-type maps, and finally excluding overlaps with planted forests and tree crops as ambiguous.                                                                                                 The dataset employed a Multi-modal Temporal-Spatial Vision Transformer (MTSViT), an adaptation of the Vision Transformer, to integrate multi-temporal and multi-modal satellite data by treating spatial image patches as sequences for classification. The MTSViT is a specific type of neural network model.                                                                Calibration has been applied for the purpose of improving the reliability of predicted probabilities by aligning the model’s confidence estimates with observed outcomes, thereby reducing overconfidence in the outputs.	Hybrid (Rule-based + Deep Learning)	A global dataset of about 1.2 million non-overlapping 1.28 × 1.28 km sites (≈2 million km²) was built, combining known forest and difficult non-forest examples with ground-truth labels, and supplemented by random samples across a global 100 × 100 km grid to capture diverse and underrepresented land cover types.	The model was evaluated using a statistically rigorous, stratified accuracy assessment based on an updated Global Forest Management (GFM) validation dataset (2020), harmonized into a binary classification (natural forest vs. other) and aggregated to plot level for consistency with the dataset design.	Global Forest Management (GFM) validation dataset, updated to 2020 (originally based on 2015 data with re-assessment of changes from 2015–2020 using Global Forest Change data and high-resolution imagery). For comparison they also used other maps (UMD IPCC, GFT2020, SBTN v1.1, Forest Persistence v0.	2,072 total plots (800 natural forest 1,272 other)	92.2% ± 0.6% (at optimal probability threshold t = 0.52). They also report overall accuracy (OA) both for the compared maps and disaggregated by continent.	R eported overall PA and UA both for the compared maps and disaggregated by continent at optimal probability threshold t = 0.52 .	User’s Accuracy (UA) and Producer’s Accuracy (PA) evaluated across probability thresholds 95% confidence intervals (±1.96 × standard error) Standard error reported for OA and comparisons across datasets Analysis of commission and omission errors at extreme probability thresholds Continent-level OA assessment (regional performance variation)	Error analysis highlighted ambiguity in mixed/edge cases (e.g., plantations vs. natural forest, sparse forest near agriculture or settlements)	•  Agroforestry and mixed landscapes: Complex systems (e.g., shaded plantations like cocoa and smallholder mosaics) can resemble natural forest in satellite data, leading to misclassification, especially in parts of Southeast Asia and Latin America.  •  Planted vs. natural forest confusion: Remote sensing struggles to separate planted forests from naturally regenerating or old forests, particularly in boreal and some temperate regions where long-rotation plantations and low-diversity natural forests look similar; this can lead to overestimation of natural forest (e.g., Scandinavia, parts of the US, and orchards such as in northern Turkey).  •  Sparse forest ambiguity: Ecosystems like savannas lie close to classification thresholds (tree height and canopy cover), making their classification uncertain and difficult to validate.  •  Post-disturbance uncertainty: Areas affected by recent fires or logging are difficult to classify because satellite data cannot reliably indicate whether they will naturally regenerate or be converted to other land uses.  •  Other sources of confusion: Urban green spaces (large parks) and planted tree belts may meet forest criteria but are not truly natural forests, leading to additional misclassification.  •  Input data limitations: The final map depends on multiple training datasets with differing methods, resolutions, time periods, and even model-derived labels; despite harmonization efforts, inconsistencies and errors in these sources can propagate into the final product.
FNF21	Global 2020 Forest Classification for IPCC Aboveground Biomass Tier 1 Estimates, V1	Department of Geographical Sciences at the University of Maryland USA (UMD)	Hunka et al. 2020	https://www.nature.com/articles/s41597-024-03930-9	https://developers.google.com/earth-engine/datasets/catalog/NASA_ORNL_global_forest_classification_2020_V1#citations	NR	Primary Forest, Young Secondary Forest (<=20 years), Old Secondary Forest (>20 years)	The datasets adopts the IPCC / UNFCCC forest definition framework, meaning forests are defined as land areas that meet specific structural thresholds of woody vegetation and are consistent with national greenhouse gas inventory (NGHGI) definitions. Forests are included if they meet (or are expected to reach) the following criteria: Minimum area: 0.05–1 hectare  Minimum tree height (at maturity): 2–5 meters  Minimum canopy cover / crown closure (at maturity): 10–30%  Vegetation type: woody vegetation consistent with national forest definitions  Development stage inclusion:      - Young or growing forest stands      - Areas expected to naturally reach the above thresholds.                                                                                          Summary: (2 - 5m, ⩾ 0.05 - 1ha,  ⩾ 10 - 30%)	No/Unclear	Global	~30	2020	2020	annual	Publicly available global datasets on land cover, land use, land management and tree characteristics, mostly from remote sensing (~10–300 m) from the periods of 1982 to 2022. In total 12 datasets were used. These datasets were used to determine global forest status/condition classes.	Boolean notation of forest status/condition classes.	The classification was derived by combining multiple Earth observation datasets on tree cover, height, age, and land use from 2000–2020 using Boolean rules. It was designed to minimize false positives by excluding uncertain pixels, resulting in a conservative estimate of global forest extent.	Composite Map/Map-based synthesis/Ensemble		No formal validation was conducted due to the lack of a suitable global reference dataset; the approach instead relies on a conservative classification strategy designed to minimize false positives.	NR	NR	NR	NR	NR	NR	"•	Conservative forest extent: The mapped ~3.26 billion ha likely underestimates true forest area due to strict rules designed to avoid false positives, excluding many borderline or uncertain areas. •	Threshold-related exclusions: Combining a ≥5 m tree height threshold with tree cover masks removes substantial forest areas (e.g., regions with lower canopy cover), meaning some valid forests may be omitted. •	Exclusion of certain forest types: Planted forests are intentionally excluded, and young or regenerating forests (expected to meet forest criteria) are often missing due to lack of reliable data. •	Disturbance-related misclassification: Some naturally disturbed forests (e.g., from fire or wind) may be wrongly excluded because it is difficult to distinguish natural from human-driven disturbances using EO data. •	Inclusion errors remain possible: Some non-natural systems (e.g., agroforestry or planted trees not captured in plantation datasets) may still be incorrectly included. •	Uncertainty in forest classes: Old secondary forests are particularly uncertain, as they are largely defined by exclusion (i.e., not primary or young), making this class heterogeneous and less reliable. •	Dependence on input datasets: The classification fully relies on the quality and agreement of multiple underlying datasets, each with its own limitations and inconsistencies. •	Lack of validation data: There is no independent global reference dataset to rigorously validate the classification, limiting confidence in its accuracy. •	Conceptual ambiguity: Definitions of forest types (e.g., “primary forest”) vary in the literature, making it difficult to ensure that EO-based classifications truly reflect ecological reality."
FNF22	"Forest Typology (ForTy) v1 dataset (Preprint, submitted to ""Scientific Data"")"	Google DeepMind	Neumann et al. 2026	https://eartharxiv.org/repository/view/13130/	https://nature-trace.projects.earthengine.app/view/forest-typology-2020	https://plus.figshare.com/articles/dataset/_i_Forest_Typology_2020_v1_i_/32288616	They adopted  a six-class forest typology that maps to EUDR regulatory requirements: Primary forest; Naturally regenerating forest; Planted forest; Plantation forest; Tree crops and agroforestry. Definitions for each class is provided in the related publication.	The definition of forest in the map aligns with the forest definition by the Food and Agriculture Organization (⩾ 5m, ⩾ 0.5ha,  ⩾ 10%).	Yes	Global	10	2020	2020	annual	The core data source is AlphaEarth Foundations embeddings, which integrates multi-source, multi-temporal satellite observations. Contributing satellite missions include: Sentinel-1 (SAR) Sentinel-2 (multispectral) Landsat ALOS PALSAR-2 These inputs are fused into annual per-pixel embeddings at 10 m spatial resolution. Additionally, Copernicus DEM provides topographic data (used only in Model-1).	The main input features are embedding vectors that encode: Spectral information (reflectance/backscatter) Temporal dynamics (multi-date observations) Contextual/spatial patterns For Model-1 only, additional topographic variables are included: Elevation above sea level Slope Slope aspect For Models 2 and 3: Only AEF embeddings are used (no auxiliary features)	Stage 1 (baseline model):   Trained on curated expert labels (mainly GFM), harmonized into a 6-class scheme using auxiliary datasets (e.g., WorldCover) and manual/heuristic corrections.  Stage 2 (scaling & refinement):   Expands to 1.2M samples by combining Stage 1 predictions with multiple geospatial datasets through rule-based fusion (e.g., natural forest maps, land cover, regional data, and change detection).  Stage 3 (temporal consistency):   Uses multi-year predictions (2019–2024) to smooth noise and preserve real land-cover changes via temporal rules.  Overall strategy:   A multi-stage, semi-supervised pipeline combining expert data, pseudo-labeling, rule-based integration, and temporal modeling, further improved through active learning loops and ensemble deep learning (Swin Transformer).	Hybrid (primarily Deep Learning–based supervised ML with rule-based and expert-driven components).	Model-1: 450,275 labeled samples (from curated and reference datasets) Model-2: Uses ~1.2 million pseudo-labeled patches Plus a subset of Model-1 training data Model-3: Uses only the same ~1.2 million patch locations (no additional labeled sources)	A global, expert-based accuracy assessment was conducted using a stratified random sampling design on Geo-Wiki, where two experts independently interpreted high-resolution imagery and multi-sensor time series at 10 m resolution, with disagreements resolved through consensus and accuracy estimated using stratified statistical estimators.	Global Validation of Forest Types (GVFT) dataset Built using Geo-Wiki platform Annotation period: 2020 (validation labels updated to 2020 conditions) Based on expert interpretation of very high-resolution imagery and multi-temporal Sentinel/Landsat data	9,100 initial sample sites 8,190 final validated consensus samples (used for accuracy reporting)	90.2% ± 0.3% (six-class forest typology scheme) 93.9% ± 0.3% (natural forest + planted aggregation) 94.8% ± 0.3% (binary natural forest vs. other) 95.5% ± 0.3% (forest vs. non-forest classification)	Primary forest (UA 77.9% ±1.1; PA 88.5% ±1.1), NatReg (UA 81.1% ±1.2; PA 65.8% ±1.4), Planted (UA 65.1% ±1.8; PA 52.6% ±3.7), Plantation (UA 74.4% ±3.1; PA 60.4% ±3.2), Tree crops (UA 76.9% ±2.8; PA 52.1% ±4.2), and Other (UA 95.4% ±0.4; PA 97.3% ±0.2).	F1-score (harmonic mean of UA and PA): Primary forest: 82.9% Naturally regenerating forest: 72.6% Planted forest: 58.2% Plantation: 66.7% TreeCrop: 62.1% Other: 96.4%                                       Standard errors (SE) reported for OA, UA, and PA 95% confidence intervals derived as 1.96 × SE Stratified OA, UA, and PA estimates Threshold-dependent performance curves (UA vs PA trade-offs)	Per-continent accuracy assessments Confusion matrices per sampling stratum Comparison against other global forest maps (e.g., JRC GFC, ESA WorldCover, ALOS PALSAR)	"•	Classification boundary uncertainty: Forest type separation is inherently uncertain because classes (e.g., primary vs. naturally regenerating forest) are inferred from indirect satellite proxies, and mature secondary forests can look identical to primary forests. Planted forests and agroforestry systems are especially difficult, often overlapping spectrally with other forest types and leading to misclassification. •	Definition-related ambiguity: FAO-based definitions include management intent and temporary states (e.g., harvested but unstocked plantations), which cannot be directly observed in satellite data; as a result, some areas classified as “other land” may still meet forest definitions. •	Temporal limitations: The map represents conditions for 2020 using annual composites, so late-year changes and recent disturbances (e.g., fires, logging) may be missed or misclassified, particularly in post-fire recovery areas. •	Spatial resolution constraints: At 10 m resolution, mixed pixels and small-scale heterogeneity (e.g., smallholder landscapes or narrow forest patches) can lead to ambiguous or inconsistent classification near thresholds. •	Calibration limitations: Reported class probabilities are ensemble outputs without full post-hoc calibration, meaning they may not represent true probabilistic confidence and may require additional regional calibration for precise quantitative use."
